{
  "version": 1,
  "author": "",
  "editor": "wokwi",
  "parts": [
    { "type": "board-esp32-devkit-c-v4", "id": "esp", "top": -9.6, "left": -14.36, "attrs": {} },
    { "type": "chip-pulse-sensor", "id": "chip1", "top": -114.18, "left": -24, "attrs": {} },
    {
      "type": "board-ssd1306",
      "id": "oled1",
      "top": 51.14,
      "left": -335.77,
      "attrs": { "i2cAddress": "0x3c" }
    },
    { "type": "wokwi-led", "id": "led1", "top": -138, "left": 186.2, "attrs": { "color": "red" } },
    {
      "type": "wokwi-buzzer",
      "id": "bz1",
      "top": -160.8,
      "left": -190.2,
      "attrs": { "volume": "0.1" }
    }
  ],
  "connections": [
    [ "esp:TX", "$serialMonitor:RX", "", [] ],
    [ "esp:RX", "$serialMonitor:TX", "", [] ],
    [ "chip1:GND", "esp:GND.1", "black", [ "h-57.6", "v182.4" ] ],
    [ "esp:5V", "chip1:VCC", "red", [ "h-57.45", "v-220.8" ] ],
    [ "esp:35", "chip1:OUT0", "cyan", [ "h-43.01", "v-76.8", "h137.35" ] ],
    [ "esp:GND.2", "oled1:GND", "black", [ "v-38.4", "h163.2" ] ],
    [ "esp:5V", "oled1:VCC", "red", [ "h0.15", "v19.2", "h115.2", "v-220.8", "h86.25" ] ],
    [ "esp:22", "oled1:SCL", "green", [ "h28.8", "v-38.4", "h153.3" ] ],
    [ "esp:21", "oled1:SDA", "green", [ "h76.8", "v-57.6", "h115.13" ] ],
    [ "led1:A", "esp:2", "red", [ "v0" ] ],
    [ "led1:C", "esp:GND.1", "black", [ "v0" ] ],
    [ "bz1:1", "esp:GND.1", "black", [ "v0" ] ],
    [ "bz1:2", "esp:25", "red", [ "v0" ] ]
  ],
  "dependencies": {}
}